A,B,C,D,E,F,G,H,flags
Q,A,W,I,R,G,C,R,0
P,R,V,S,L,A,M,T,1
L,P,N,F,S,S,L,N,0
P,V,K,L,K,P,G,M,0
S,G,I,M,F,Q,S,A,1
Q,M,M,K,S,R,N,L,0 
P,I,S,P,I,E,T,V,0
A,R,V,L,V,E,A,M,1
S,Q,N,Y,P,L,V,Q,1
T,Q,I,M,F,E,T,F,1
D,I,V,I,Y,Q,Y,M,0
E,L,N,D,R,F,A,N,0
S,N,F,N,T,Q,A,T,0
K,K,H,Q,K,E,P,P,0
Q,W,P,L,T,E,E,K,0
V,C,A,A,K,F,E,S,0
A,R,R,L,A,E,A,M,1
N,R,E,T,K,L,G,K,0
G,R,C,E,L,A,A,A,0
S,F,V,F,V,V,N,G,1
P,K,V,L,V,V,Q,P,1
T,N,K,G,R,Q,K,V,0
I,A,F,L,K,K,L,H,0
K,S,G,V,Q,V,V,N,0
R,E,E,A,E,N,T,L,0
G,V,R,L,L,Q,D,S,0
Q,D,L,L,N,V,K,M,0
G,S,P,A,I,F,Q,S,0
S,G,V,F,S,V,N,G,1
D,V,Q,A,V,C,S,Q,0
W,W,C,N,D,G,R,T,0
P,G,N,F,L,Q,S,R,1
L,T,M,V,T,Q,L,V,0
S,G,V,F,V,Q,N,G,1
S,Q,N,Y,P,I,F,Q,1
P,A,H,W,L,A,M,T,1
N,Q,K,T,E,L,Q,A,0
N,D,G,R,T,P,G,S,0
Q,I,I,E,Q,L,I,K,0
E,V,D,A,L,K,G,T,0
S,Q,A,Y,P,I,V,Q,1
R,W,W,C,N,D,G,R,0
S,D,T,Y,Y,T,D,Q,1
Q,A,Q,I,Q,E,Q,H,0
Q,L,T,N,D,K,A,R,0
P,L,D,E,D,F,R,K,0
A,R,V,L,A,E,A,G,1
K,G,S,G,T,W,M,V,0
I,N,E,T,S,Q,H,H,0
P,R,N,F,L,Q,S,R,1
M,E,K,E,G,K,I,S,0
T,E,F,K,N,T,R,T,0
I,Q,K,E,T,W,E,T,0
L,G,I,I,Q,A,Q,P,0
D,R,F,A,N,Y,I,D,0
K,N,G,Q,T,N,C,Y,0
V,G,S,D,L,E,I,G,0
T,K,V,L,P,V,Q,P,1
N,C,A,K,K,I,V,S,0
P,R,N,F,P,V,A,Q,1
L,Q,D,E,I,Q,N,M,0
N,T,T,N,Q,K,T,E,0
L,K,E,P,V,H,G,V,0
R,E,I,L,K,E,P,V,0
R,E,T,K,L,G,K,A,0
L,V,G,K,L,N,W,A,0
S,R,W,W,C,N,D,G,0
G,T,K,A,L,T,E,V,0
P,A,V,L,A,A,M,T,1
K,P,D,L,T,A,A,L,0
Q,D,S,V,D,F,S,L,0
T,P,G,S,R,N,L,C,0
R,N,L,C,N,I,P,C,0
K,S,E,S,E,L,V,N,0
A,K,K,I,V,S,D,G,0
H,P,G,H,L,V,I,H,0
S,Q,T,Y,Y,I,V,Q,1
G,V,F,V,N,N,G,L,0
K,F,E,S,N,F,N,T,0
T,S,Q,H,H,D,D,L,0
Y,R,R,Q,V,Q,S,L,0
M,R,V,L,A,E,A,M,1
N,R,E,I,L,K,E,P,0
K,T,G,K,Y,A,R,M,0
S,V,T,V,L,D,V,G,0
K,L,W,Y,Q,L,E,K,0
P,A,V,V,L,A,M,T,1
Q,V,Q,S,L,T,C,E,0
S,T,E,Y,R,R,Q,V,0
E,T,W,E,T,W,W,T,0
A,R,V,L,A,E,R,M,1
A,T,Y,R,K,L,L,E,0
K,Q,E,S,T,E,Y,R,0
D,K,V,R,F,L,E,Q,0
R,V,Q,V,V,N,G,K,0
P,L,P,N,F,S,S,L,0
S,Q,N,Y,P,I,D,Q,1
R,G,A,H,T,N,D,V,0
P,H,V,S,L,A,M,T,1
R,E,M,E,E,N,F,A,0
E,E,I,M,L,A,Y,Q,1
L,A,L,Q,D,S,G,L,0
W,C,N,D,G,R,T,P,0
T,D,Y,G,I,L,Q,I,0
S,Q,K,Y,P,I,V,Q,0
S,Q,K,N,V,A,C,K,0
R,F,A,N,Y,I,D,K,0
E,E,L,R,Q,H,L,L,0
F,R,K,Y,T,A,F,T,0
T,K,V,Y,V,V,Q,P,1
M,M,K,S,R,N,L,T,0
I,L,K,E,P,V,H,G,0
G,D,A,L,L,E,R,N,1
H,L,L,R,W,G,L,T,0
L,A,A,A,M,K,R,H,0
L,L,A,E,L,E,Q,L,0
Q,N,P,D,I,V,I,Y,0
E,L,A,A,A,M,K,R,0
C,K,N,G,Q,T,N,C,0
T,N,T,T,N,Q,K,T,0
S,Y,V,T,T,S,T,R,0
N,C,Y,Q,S,Y,S,T,0
W,A,S,Q,I,Y,P,G,0
S,Q,T,Y,Y,T,Q,S,1
Q,K,E,P,P,F,L,W,0
L,R,P,S,T,S,R,S,0
A,R,M,R,G,A,H,T,0
E,P,F,K,N,L,K,T,0
R,Q,M,R,E,M,E,E,0
A,R,V,L,A,E,F,M,1
A,A,A,M,S,S,A,I,1
V,F,A,I,K,K,K,D,0
F,A,V,E,A,A,N,Y,0
K,N,L,K,T,G,K,Y,0
S,R,I,S,L,P,L,P,0
L,R,W,G,L,T,T,P,0
P,A,V,S,L,A,Y,T,1
R,M,R,G,A,H,T,N,0
S,T,S,A,A,S,S,S,0
C,A,K,K,I,V,S,D,0
S,R,S,L,Y,A,S,S,1
K,N,V,A,C,K,N,G,0
S,D,T,Y,Y,E,D,S,1
Q,D,V,D,N,A,S,L,0
S,R,P,S,S,S,R,S,0
S,K,D,L,I,A,E,I,1
S,I,V,I,W,G,K,T,0
P,G,V,S,L,A,M,T,1
K,H,I,I,V,A,C,E,0
D,E,D,F,R,K,Y,T,0
L,D,N,Y,R,G,Y,S,0
P,F,I,F,E,E,E,P,1
A,C,E,G,N,P,Y,V,0
Q,G,Q,W,T,Y,Q,I,0
A,E,D,I,M,R,L,R,0
I,R,Y,Q,Y,N,V,L,0
A,T,I,M,M,Q,R,E,1
D,L,E,I,G,Q,H,R,0
V,D,T,H,S,K,R,T,0
P,G,I,R,Y,Q,Y,N,0
R,S,S,A,V,R,L,R,0
N,T,Q,A,T,N,R,N,0
D,D,L,Y,V,G,S,D,0
F,R,S,G,V,E,T,T,0
E,A,V,Q,K,I,T,T,0
G,L,K,K,K,K,S,V,0
A,R,V,L,L,E,A,M,1
S,S,R,S,Y,V,T,T,0
R,Q,N,Y,P,I,V,Q,1
M,E,E,N,F,A,V,E,0
V,P,G,V,R,L,L,Q,0
L,R,Q,H,L,L,R,W,0
L,R,S,S,V,P,G,V,0
P,T,V,S,L,A,M,T,1
E,L,R,Q,H,L,L,R,0
N,N,D,A,L,R,Q,A,0
S,L,A,D,V,Q,A,V,0
E,R,Q,M,R,E,M,E,0
A,E,T,F,Y,V,D,G,1
V,Q,I,D,V,D,V,S,0
A,R,V,M,A,E,A,M,1
D,L,T,A,A,L,R,D,0
A,D,L,S,E,A,A,N,0
V,E,S,L,Q,E,E,I,0
A,Q,P,D,K,S,E,S,0
A,R,A,L,A,E,A,M,1
N,T,P,P,L,V,K,L,0
K,N,L,Q,E,A,E,E,0
N,T,D,G,S,T,D,Y,0
E,T,K,L,G,K,A,G,0
E,E,S,R,I,S,L,P,0
V,P,A,H,K,G,I,G,0
M,V,H,S,L,V,P,K,0
G,G,N,Y,P,V,Q,H,1
P,R,H,S,L,A,M,T,1
P,A,V,S,E,A,M,T,1
T,M,V,T,Q,L,V,P,0
I,Q,A,Q,P,D,K,S,0
R,W,G,L,T,T,P,D,0
L,K,K,K,K,S,V,T,0
G,Q,T,N,C,Y,Q,S,0
T,M,S,I,T,D,C,R,0
S,G,I,F,L,E,T,S,1
K,S,R,V,Q,V,V,N,0
P,I,Q,K,E,T,W,E,0
R,L,G,D,L,Y,E,E,0
D,V,D,N,A,S,L,A,0
S,D,T,Y,Y,C,D,S,1
T,T,S,T,R,T,Y,S,0
D,S,L,P,L,V,D,T,0
V,I,P,L,T,E,E,A,0
D,I,Q,K,L,V,G,K,0
Q,L,E,K,E,P,I,V,0
C,A,Y,K,T,T,Q,A,0
Q,V,D,K,L,V,S,A,0
R,L,D,L,E,R,K,V,0
A,H,T,N,D,V,K,Q,0
G,P,G,T,A,S,R,P,0
E,G,E,E,S,R,I,S,0
A,G,L,K,K,K,K,S,0
P,L,V,K,L,W,Y,Q,0
G,N,W,V,C,A,A,K,0
E,S,N,F,N,T,Q,A,0
K,E,T,A,A,A,K,F,0
T,S,C,Y,H,C,G,T,1
T,P,G,I,R,Y,Q,Y,0
Y,Y,D,P,S,K,D,L,0
L,T,A,A,L,R,D,V,0
P,S,I,N,N,E,T,P,0
H,P,I,S,P,I,E,T,0
S,T,R,S,V,S,S,S,0
V,K,L,W,Y,Q,L,E,0
D,V,R,Q,Q,Y,E,S,0
S,D,T,Y,Y,G,D,S,1
R,P,S,S,S,R,S,Y,0
R,T,F,L,I,K,T,V,0
V,A,A,K,N,L,Q,E,0
T,D,V,Q,A,W,I,R,0
P,G,N,L,L,Q,S,R,1
Q,G,N,F,L,Q,S,R,1
T,E,E,K,I,K,A,L,0
G,Q,G,Q,W,T,Y,Q,0
P,A,H,K,G,I,G,G,0
Q,I,Q,E,Q,H,V,Q,0
F,N,T,Q,A,T,N,R,0
K,Q,G,Q,G,Q,W,T,0
K,R,H,G,L,D,N,Y,0
S,T,L,L,I,E,N,S,0
W,Y,Q,L,E,K,E,P,0
L,Q,E,A,E,E,W,Y,0
G,D,L,Y,E,E,E,M,0
L,W,Y,Q,L,E,K,E,0
Q,K,T,E,L,Q,A,I,0
N,E,K,V,E,L,Q,E,0
Q,Y,A,L,G,I,I,Q,0
L,E,K,E,P,I,V,G,0
R,R,V,L,A,E,A,M,1
I,E,Q,L,I,K,K,E,0
E,M,A,R,H,L,R,E,0
Q,A,T,N,R,N,T,D,0
L,T,E,V,I,P,L,T,0
P,N,C,A,Y,K,T,T,0
K,S,R,L,G,D,L,Y,0
A,R,V,L,A,E,A,E,1
G,H,L,V,I,H,P,I,0
H,H,H,H,H,P,G,H,0
P,L,T,E,E,A,E,L,0
S,Q,N,Y,P,I,A,Q,1
F,A,I,K,K,K,D,S,0
K,H,Q,K,E,P,P,F,0
S,V,A,A,K,N,L,Q,0
N,L,T,K,D,R,C,K,0
S,K,R,T,F,L,I,K,0
E,T,W,W,T,E,Y,W,0
V,G,K,L,N,W,A,S,0
G,P,E,N,P,Y,N,T,0
D,V,K,Q,L,T,E,A,0
S,R,N,Y,P,I,V,Q,1
T,N,D,K,A,R,V,E,0
S,V,N,C,A,K,K,I,0
E,E,A,E,N,T,L,Q,0
A,S,V,N,C,A,K,K,0
S,L,A,R,L,D,L,E,0
P,F,A,A,A,Q,Q,R,1
N,R,N,T,D,G,S,T,0
L,G,S,A,L,R,P,S,0
S,G,V,F,V,N,N,G,0
I,G,P,E,N,P,Y,N,0
D,N,L,A,E,D,I,M,0
L,L,N,V,K,M,A,L,0
W,T,V,N,D,I,Q,K,0
A,K,F,E,R,Q,H,M,0
A,T,I,M,M,I,T,A,1
V,N,T,F,V,H,E,S,0
V,I,H,P,I,S,P,I,0
A,R,V,L,A,I,A,M,1
L,T,T,P,D,K,K,H,0
I,A,E,I,Q,K,Q,G,0
S,E,L,V,N,Q,I,I,0
S,G,V,H,V,E,Y,T,1
P,A,V,A,L,A,M,T,1
R,Q,A,N,F,L,G,K,1
S,G,S,Y,V,E,Y,Q,1
E,I,A,F,L,K,K,L,0
S,V,P,G,V,R,L,L,0
I,H,P,I,S,P,I,E,0
S,K,Y,P,N,C,A,Y,0
K,L,L,E,G,E,E,S,0
S,R,S,Y,V,T,T,S,0
Q,L,K,G,Q,G,K,S,0
Y,A,R,M,R,G,A,H,0
K,F,K,L,P,I,Q,K,0
P,G,L,S,L,A,M,T,1
P,T,V,W,L,A,M,T,1
Y,S,L,G,N,W,V,C,0
G,A,V,W,L,A,M,T,1
S,G,L,F,T,E,Y,G,1
G,V,Y,Y,D,P,S,K,0
V,F,V,N,N,G,L,V,0
S,D,C,Y,Y,C,D,S,1
R,D,G,Q,V,I,N,E,0
G,Y,S,L,G,N,W,V,0
S,Q,N,G,P,I,V,Q,0
A,A,V,L,A,E,A,M,1
R,T,P,G,S,R,N,L,0
Q,I,N,S,R,W,W,C,0
G,Q,V,N,F,L,G,K,1
S,Q,N,V,P,I,V,Q,0
K,W,T,V,Q,P,I,V,0
L,R,G,T,K,A,L,T,0
S,G,N,Y,L,V,T,S,1
S,I,N,N,E,T,P,G,0
P,A,V,S,G,A,M,T,1
L,E,G,E,E,S,R,I,0
S,L,G,S,A,L,R,P,0
E,Q,L,K,G,Q,G,K,0
E,R,Q,H,M,D,S,S,0
E,W,E,F,V,N,T,P,0
S,Y,R,R,M,F,G,G,0
G,P,K,V,K,Q,W,P,0
F,V,H,E,S,L,A,D,0
K,E,G,K,I,S,K,I,0
I,Q,K,Q,G,Q,G,Q,0
P,A,V,S,R,A,M,T,1
T,P,D,K,K,H,Q,K,0
P,Y,V,P,V,H,F,D,0
L,E,V,N,I,V,T,D,1
T,T,E,S,I,V,I,W,0
T,H,S,K,R,T,F,L,0
G,W,K,G,S,P,A,I,0
F,E,S,N,F,N,T,Q,0
S,R,N,L,C,N,I,P,0
L,E,Q,Q,N,K,I,L,0
A,R,L,D,L,E,R,K,0
D,D,L,F,F,E,A,D,1
S,D,I,Y,Y,T,D,S,1
I,G,Q,H,R,T,K,I,0
V,S,A,G,I,R,K,I,0
L,N,D,R,F,A,N,Y,0
I,G,G,N,E,Q,V,D,0
I,T,T,E,S,I,V,I,0
G,G,N,E,Q,V,D,K,0
A,A,A,K,F,E,R,Q,0
E,L,E,Q,L,K,G,Q,0
S,G,V,L,F,V,S,S,1
T,V,V,L,V,V,Q,P,1
I,S,K,I,G,P,E,N,0
V,D,A,L,K,G,T,N,0
R,Q,Q,Y,E,S,V,A,0
L,V,S,A,G,I,R,K,0
G,Q,D,F,P,M,Y,L,1
Y,Q,D,T,I,G,R,L,0
N,L,C,N,I,P,C,S,0
T,R,T,Y,S,L,G,S,0
T,Y,R,K,L,L,E,G,0
E,T,G,S,S,K,Y,P,0
S,R,N,Y,P,E,A,Q,1
T,R,T,N,E,K,V,E,0
D,H,P,F,H,G,Y,Q,0
S,Q,N,F,P,I,V,Q,1
T,A,V,L,V,V,Q,P,1
S,G,N,M,V,M,F,G,1
P,R,V,A,L,A,M,T,1
K,I,T,T,E,S,I,V,0
K,G,S,G,L,T,M,V,0
A,E,T,F,Y,T,D,G,1
P,A,V,H,L,A,M,T,1
K,K,D,S,T,K,W,R,0
V,T,N,K,G,R,Q,K,0
K,L,L,R,G,T,K,A,0
E,F,V,N,T,P,P,L,0
R,T,K,I,E,E,L,R,0
K,G,S,G,A,M,V,N,0
E,V,I,P,L,T,E,E,0
K,F,E,R,Q,H,M,D,0
S,L,G,N,W,V,C,A,0
K,K,Q,N,P,D,I,V,0
T,Q,A,T,N,R,N,T,0
G,Q,V,N,Y,E,E,F,1
H,L,V,E,A,L,Y,L,1
I,V,I,W,G,K,T,P,0
A,A,K,N,L,Q,E,A,0
G,S,G,A,L,T,N,A,0
D,K,A,R,V,E,V,E,0
I,Y,Q,Y,M,D,D,L,0
T,E,Y,R,R,Q,V,Q,0
P,I,H,D,H,D,H,P,0
T,N,C,Y,Q,S,Y,S,0
A,N,Y,I,D,K,V,R,0
G,N,E,Q,V,D,K,L,0
T,C,E,V,D,A,L,K,0
E,S,R,I,S,L,P,L,0
C,Y,Q,S,Y,S,T,M,0
E,T,N,L,D,S,L,P,0
T,E,V,I,P,L,T,E,0
G,S,G,L,T,M,V,T,0
S,V,P,L,D,E,D,F,0
P,A,G,S,L,A,M,T,1
C,K,P,V,N,T,F,V,0
F,S,L,A,D,A,I,N,0
S,G,V,Y,Q,L,S,A,1
T,K,W,R,K,L,V,D,0
R,P,S,T,S,R,S,L,0
E,N,P,Y,N,T,P,V,0
I,K,V,R,Q,L,C,K,0
T,R,S,S,A,V,R,L,0
K,D,S,T,K,W,R,K,0
S,F,N,F,P,Q,I,T,1
T,T,Q,A,N,K,H,I,0
T,K,D,L,V,V,Q,P,1
K,I,E,E,L,R,Q,H,0
L,Q,D,S,V,D,F,S,0
S,R,N,Y,P,I,A,Q,1
A,R,V,E,V,E,R,D,0
N,C,A,Y,K,T,T,Q,0
K,L,N,W,A,S,Q,I,0
T,S,A,A,S,S,S,N,0
P,Q,G,W,K,G,S,P,0
Y,Q,Y,N,V,L,P,Q,0
A,L,G,I,I,Q,A,Q,0
I,E,T,V,P,V,K,L,0
S,D,I,T,A,S,V,N,0
V,K,L,K,P,G,M,D,0
E,E,K,I,K,A,L,V,0
V,N,T,P,P,L,V,K,0
S,R,N,L,T,K,D,R,0
S,G,L,Y,Y,V,T,E,1
E,L,Q,E,L,N,D,R,0
K,S,G,V,F,V,N,N,0
P,R,G,S,L,A,M,T,1
Y,R,G,Y,S,L,G,N,0
N,S,R,W,W,C,N,D,0
S,Q,T,Y,Y,T,V,Q,1
N,P,D,I,V,I,Y,Q,0
L,A,V,S,L,A,M,T,1
K,E,P,P,F,L,W,M,0
T,S,T,R,T,Y,S,L,0
D,Y,G,I,L,Q,I,N,0
Q,A,K,Q,E,S,T,E,0
T,T,P,D,K,K,H,Q,0
S,E,S,E,L,V,N,Q,0
Q,L,C,K,L,L,R,G,0
D,F,S,L,A,D,A,I,0
N,K,I,L,L,A,E,L,0
Q,Y,N,V,L,P,Q,G,0
K,V,E,S,L,Q,E,E,0
K,F,A,D,L,S,E,A,0
T,D,V,L,V,V,Q,P,1
S,S,D,I,T,A,S,V,0
I,T,D,C,R,E,T,G,0
A,N,K,H,I,I,V,A,0
S,Q,H,H,D,D,L,E,0
A,R,V,L,G,E,A,M,1
A,M,V,N,Q,A,L,V,0
P,A,L,W,L,A,M,T,1
Q,A,Q,P,D,K,S,E,0
A,N,R,E,T,K,L,G,0
E,S,T,E,Y,R,R,Q,0
W,K,G,S,P,A,I,F,0
N,V,K,M,A,L,D,I,0
H,G,L,D,N,Y,R,G,0
R,V,E,V,E,R,D,N,0
R,R,A,N,F,L,G,K,1
T,F,V,H,E,S,L,A,0
A,E,N,R,E,I,L,K,0
S,G,V,F,V,V,T,G,1
P,S,V,S,L,A,M,T,1
Y,A,L,G,I,I,Q,A,0
T,A,S,V,N,C,A,K,0
S,L,P,L,P,N,F,S,0
I,L,E,P,F,K,K,Q,0
S,Q,N,Y,K,I,V,Q,0
M,D,D,L,Y,V,G,S,0
G,W,I,L,A,E,H,G,1
E,E,I,Q,E,L,Q,A,0
C,E,V,D,A,L,K,G,0
S,Q,N,Y,P,E,A,Q,1
T,Y,S,L,G,S,A,L,0
K,T,P,K,F,K,L,P,0
Q,L,G,I,P,H,P,A,0
D,S,S,T,S,A,A,S,0
E,Q,Q,N,K,I,L,L,0
T,P,V,F,A,I,K,K,0
S,Q,N,Y,Y,N,Q,S,1
D,V,D,V,S,K,P,D,0
P,L,T,E,E,K,I,K,0
E,A,E,E,W,Y,K,S,0
A,R,V,N,A,E,A,M,1
G,L,T,M,V,T,Q,L,0
P,K,F,K,L,P,I,Q,0
S,Q,N,Y,Y,T,D,Q,1
Q,K,N,V,A,C,K,N,0
S,Q,N,Y,Y,I,V,Q,1
V,E,R,D,N,L,A,E,0
T,K,V,L,K,V,Q,P,0
T,T,N,Q,K,T,E,L,0
Y,Q,D,L,L,N,V,K,0
S,D,T,Y,Y,T,D,S,1
S,W,T,V,N,D,I,Q,0
Y,I,D,K,V,R,F,L,0
G,Y,V,T,N,K,G,R,0
L,W,M,G,Y,E,L,H,1
N,M,K,E,E,M,A,R,0
G,R,L,Q,D,E,I,Q,0
G,T,N,E,S,L,E,R,0
S,D,G,N,G,M,N,A,0
V,D,F,S,L,A,D,A,0
K,I,V,S,D,G,N,G,0
S,S,A,V,R,L,R,S,0
K,Q,W,P,L,T,E,E,0
D,A,L,K,G,T,N,E,0
K,K,L,H,E,E,E,I,0
G,S,T,D,Y,G,I,L,0
V,T,T,S,T,R,T,Y,0
R,Q,H,L,L,R,W,G,0
A,N,R,N,N,D,A,L,0
W,Y,K,S,K,F,A,D,0
K,I,L,L,A,E,L,E,0
K,V,R,Q,L,C,K,L,0
E,P,V,H,G,V,Y,Y,0
P,G,N,F,V,Q,S,R,1
A,L,R,P,S,T,S,R,0
Q,H,M,D,S,S,T,S,0
V,T,V,L,D,V,G,D,0
W,T,V,Q,P,I,V,L,0
D,T,I,G,R,L,Q,D,0
D,K,V,L,V,V,Q,P,1
I,P,C,S,A,L,L,S,0
L,P,V,N,G,E,F,S,1
F,R,Q,D,V,D,N,A,0
T,W,M,V,H,S,L,V,0
T,K,K,L,V,V,Q,P,0
A,Q,I,Q,E,Q,H,V,0
A,T,W,I,P,E,W,E,0
P,S,S,S,R,S,Y,V,0
S,R,V,Q,V,V,N,G,0
Q,S,S,M,T,K,I,L,0
V,P,L,T,N,T,T,N,0
G,S,G,A,M,V,N,Q,0
G,L,V,L,Q,E,G,L,1
P,D,K,K,H,Q,K,E,0
T,K,A,L,V,V,Q,P,1
W,E,F,V,N,T,P,P,0
R,G,T,K,A,L,T,E,0
C,K,G,T,D,V,Q,A,0
N,D,I,Q,K,L,V,G,0
L,C,N,I,P,C,S,A,0
S,S,S,S,Y,R,R,M,0
Q,I,D,V,D,V,S,K,0
I,D,V,D,V,S,K,P,0
A,E,E,W,Y,K,S,K,0
L,D,I,E,I,A,T,Y,0
S,V,D,F,S,L,A,D,0
S,Q,C,Y,P,I,V,Q,1
Q,K,V,V,P,L,T,N,0
T,K,I,E,E,L,R,Q,0
L,K,K,L,H,E,E,E,0
V,T,D,S,Q,Y,A,L,0
T,W,E,T,W,W,T,E,0
G,K,T,P,K,F,K,L,0
N,Y,Q,D,T,I,G,R,0
A,R,L,M,A,E,A,L,1
G,R,Q,K,V,V,P,L,0
V,E,L,Q,E,L,N,D,0
R,N,N,D,A,L,R,Q,0
N,I,P,C,S,A,L,L,0
G,K,S,R,L,G,D,L,0
S,G,V,F,T,E,E,R,1
H,P,F,H,G,Y,Q,L,0
K,P,V,N,T,F,V,H,0
T,A,A,A,K,F,E,R,0
S,D,L,E,I,G,Q,H,0
E,Q,L,I,K,K,E,K,0
I,T,A,S,V,N,C,A,0
G,L,V,A,F,A,N,L,1
Q,A,T,W,I,P,E,W,0
L,A,E,D,I,M,R,L,0
N,T,P,V,F,A,I,K,0
R,E,T,G,S,S,K,Y,0
G,Q,G,K,S,R,L,G,0
E,E,M,R,E,L,R,R,0
H,T,N,D,V,K,Q,L,0
V,R,L,L,Q,D,S,V,0
K,R,T,F,L,I,K,T,0
V,C,S,Q,K,N,V,A,0
R,R,Q,V,Q,S,L,T,0
A,R,V,A,A,E,A,M,1
E,V,Q,L,G,I,P,H,0
N,A,W,V,A,W,R,N,0
Y,E,L,H,P,D,K,W,0
P,A,A,S,F,A,M,T,1
A,Q,V,L,A,E,A,M,1
Q,M,I,F,E,E,H,G,1
A,D,V,Q,A,V,C,S,0
R,Q,A,K,Q,E,S,T,0
L,H,E,E,E,I,Q,E,0
S,D,A,Y,Y,A,D,S,1
E,S,L,A,D,V,Q,A,0
L,V,N,Q,I,I,E,Q,0
Q,G,W,K,G,S,P,A,0
T,L,N,F,P,I,S,P,1
T,K,N,L,V,V,Q,P,1
E,K,L,Q,E,E,M,L,0
H,K,G,I,G,G,N,E,0
I,E,E,L,R,Q,H,L,0
D,G,P,K,V,K,Q,W,0
V,S,D,G,N,G,M,N,0
D,Q,L,T,N,D,K,A,0
C,A,A,K,F,E,S,N,0
W,E,V,Q,L,G,I,P,0
I,P,H,P,A,G,L,K,0
W,E,T,W,W,T,E,Y,0
W,T,E,Y,W,Q,A,T,0
S,D,G,Y,Y,T,D,S,1
P,A,V,S,L,S,M,T,1
W,Q,A,T,W,I,P,E,0
K,E,L,Y,P,L,T,S,1
I,H,H,H,H,H,H,P,0
K,D,R,C,K,P,V,N,0
P,L,I,M,A,V,V,N,1
S,D,T,Y,Y,I,D,S,1
Q,R,E,E,A,E,N,T,0
S,R,V,N,V,V,N,G,0
L,P,L,P,N,F,S,S,0
N,V,A,C,K,N,G,Q,0
D,L,L,N,V,K,M,A,0
V,H,G,V,Y,Y,D,P,0
A,R,V,L,I,E,A,M,1
L,N,K,R,T,Q,D,F,0
N,G,Q,T,N,C,Y,Q,0
N,T,R,T,N,E,K,V,0
V,I,Y,Q,Y,M,D,D,0
S,D,A,Y,Y,T,D,S,1
S,S,S,N,Y,C,N,Q,0
K,T,T,Q,A,N,K,H,0
G,K,V,L,V,V,Q,P,1
S,F,R,Q,D,V,D,N,0
A,E,C,F,R,I,F,D,1
A,L,Q,D,S,G,L,E,0
Y,Q,S,Y,S,T,M,S,0
E,A,A,N,R,N,N,D,0
K,E,P,V,H,G,V,Y,0
S,G,N,Y,F,V,E,T,1
D,L,V,L,L,S,A,E,1
L,F,A,G,I,S,D,W,0
A,M,K,R,H,G,L,D,0
S,Q,N,P,Y,I,V,Q,0
N,W,V,C,A,A,K,F,0
R,K,Y,T,A,F,T,I,0
V,E,I,C,T,E,M,E,1
L,V,I,H,P,I,S,P,0
I,W,G,K,T,P,K,F,0
A,Y,K,T,T,Q,A,N,0
E,T,P,G,I,R,Y,Q,0
A,L,K,G,T,N,E,S,0
W,G,L,T,T,P,D,K,0
R,E,L,N,K,R,T,Q,0
A,K,V,L,A,E,A,M,1
L,Q,S,F,R,Q,D,V,0
I,Y,Q,E,P,F,K,N,0
V,L,D,V,G,D,A,Y,0
P,L,I,M,A,N,V,N,1
L,R,D,V,R,Q,Q,Y,0
P,N,F,S,S,L,N,L,0
E,L,I,L,P,V,K,R,1
L,A,R,L,D,L,E,R,0
A,R,V,L,A,L,A,M,1
T,K,I,L,V,V,Q,P,1
P,A,W,S,L,A,M,T,1
R,Q,V,D,Q,L,T,N,0
E,S,I,V,I,W,G,K,0
A,V,Q,K,I,T,T,E,0
T,G,S,S,K,Y,P,N,0
V,A,W,R,N,R,C,K,0
P,G,V,R,L,L,Q,D,0
A,R,V,L,A,E,A,P,1
A,R,V,I,A,E,A,M,1
I,V,T,D,S,Q,Y,A,0
L,G,D,L,Y,E,E,E,0
V,I,W,G,K,T,P,K,0
S,G,V,F,V,E,N,G,1
R,L,R,E,K,L,Q,E,0
P,F,K,N,L,K,T,G,0
S,T,R,T,Y,S,L,G,0
P,A,V,S,L,L,M,T,1
A,L,D,I,E,I,A,T,0
A,A,K,F,E,S,N,F,0
G,W,V,M,T,E,A,L,1
D,G,N,G,M,N,A,W,0
Q,H,V,Q,I,D,V,D,0
T,K,V,F,V,V,Q,P,1
Q,A,N,K,H,I,I,V,0
D,L,S,E,A,A,N,R,0
K,S,V,T,V,L,D,V,0
G,S,R,N,L,C,N,I,0
P,G,N,F,P,Q,S,R,1
A,R,V,L,A,E,S,M,1
P,I,E,T,V,P,V,K,0
V,R,L,R,S,S,V,P,0
G,V,Q,V,V,N,G,K,0
N,T,F,V,H,E,S,L,0
Q,N,M,K,E,E,M,A,0
K,N,T,R,T,N,E,K,0
S,Q,N,Y,A,I,V,Q,1
S,A,V,R,L,R,S,S,0
P,A,V,W,F,A,M,T,1
E,Y,W,Q,A,T,W,I,0
A,T,N,R,N,T,D,G,0
Y,E,S,V,A,A,K,N,0
I,P,S,I,N,N,E,T,0
P,T,L,L,T,E,A,P,1
E,R,V,L,A,E,A,M,1
K,G,R,Q,K,V,V,P,0
K,V,K,Q,W,P,L,T,0
L,Q,E,L,N,D,R,F,0
A,R,V,L,F,E,A,M,1
E,I,Q,N,M,K,E,E,0
T,E,Y,W,Q,A,T,W,0
M,V,N,Q,A,L,V,P,0
A,E,N,T,L,Q,S,F,0
A,T,V,L,A,E,A,M,1
G,S,A,L,R,P,S,T,0
V,Q,P,I,V,L,P,E,0
V,E,V,A,E,E,E,E,1
S,Q,N,Y,P,K,V,Q,0
P,G,T,A,S,R,P,S,0
E,K,E,G,K,I,S,K,0
F,T,I,P,S,I,N,N,0
A,R,V,F,A,E,A,M,1
G,L,D,N,Y,R,G,Y,0
S,S,L,Y,P,A,L,T,1
H,H,H,H,P,G,H,L,0
I,E,I,A,T,Y,R,K,0
A,R,V,L,A,E,A,A,1
S,G,A,M,V,N,Q,A,0
R,K,I,L,F,L,D,G,1
P,H,P,A,G,L,K,K,0
L,L,R,W,G,L,T,T,0
S,D,T,Y,Y,T,L,S,1
E,T,S,Q,H,H,D,D,0
Q,S,L,T,C,E,V,D,0
S,L,T,C,E,V,D,A,0
T,N,E,K,V,E,L,Q,0
P,A,V,G,L,A,M,T,1
P,A,I,L,V,H,T,P,0
K,L,G,K,A,G,Y,V,0
V,V,P,L,T,N,T,T,0
N,R,N,N,D,A,L,R,0
G,E,M,F,F,P,V,L,1
D,V,S,K,P,D,L,T,0
K,L,P,I,Q,K,E,T,0
A,A,N,Y,Q,D,T,I,0
P,A,L,S,L,A,M,T,1
D,V,Q,A,W,I,R,G,0
A,L,R,D,V,R,Q,Q,0
A,S,L,A,R,L,D,L,0
D,K,K,H,Q,K,E,P,0
P,A,V,S,L,G,M,T,1
Q,T,N,C,Y,Q,S,Y,0
A,S,Q,I,Y,P,G,I,0
N,D,V,K,Q,L,T,E,0
M,S,I,T,D,C,R,E,0
W,M,V,H,S,L,V,P,0
P,I,H,H,H,H,H,H,0
K,S,K,F,A,D,L,S,0
R,Q,A,G,F,L,G,L,0
I,I,V,A,C,E,G,N,0
E,D,I,M,R,L,R,E,0
W,R,K,L,V,D,F,R,0
S,G,V,F,V,V,N,G,1
E,S,V,A,A,K,N,L,0
P,N,V,S,L,A,M,T,1
E,Y,R,R,Q,V,Q,S,0
Y,V,P,V,H,F,D,A,0
P,R,A,S,L,A,M,T,1
P,G,N,F,F,Q,S,R,1
E,I,A,T,Y,R,K,L,0
H,D,H,P,F,H,G,Y,0
D,I,E,I,A,T,Y,R,0
S,R,N,Y,P,E,V,Q,1
P,A,V,L,F,A,M,T,1
F,A,V,S,L,A,M,T,1
S,Q,N,Y,P,T,V,Q,1
S,G,N,F,V,V,N,G,1
S,T,K,W,R,K,L,V,0
V,Q,L,G,I,P,H,P,0
H,S,K,R,T,F,L,I,0
A,V,C,S,Q,K,N,V,0
I,G,R,L,Q,D,E,I,0
E,E,I,A,F,L,K,K,0
G,G,V,Y,A,T,R,S,1
D,K,S,E,S,E,L,V,0
G,T,A,S,R,P,S,S,0
S,I,T,D,C,R,E,T,0
P,D,K,W,T,V,Q,P,0
G,Q,H,R,T,K,I,E,0
Q,P,I,V,L,P,E,K,0
R,G,Y,S,L,G,N,W,0
L,Y,E,E,E,M,R,E,0
S,G,V,Q,V,V,N,G,0
R,C,K,G,T,D,V,Q,0
L,T,C,E,V,D,A,L,0
V,E,V,E,R,D,N,L,0
G,M,D,G,P,K,V,K,0
I,V,A,C,E,G,N,P,0
E,S,L,Q,E,E,I,A,0
P,Y,N,T,P,V,F,A,0
M,R,L,R,E,K,L,Q,0
K,L,V,S,A,G,I,R,0
G,T,D,V,Q,A,W,I,0
L,K,P,G,M,D,G,P,0
I,I,Q,A,Q,P,D,K,0
A,K,F,E,S,N,F,N,0
S,M,T,K,I,L,E,P,0
F,A,D,L,S,E,A,A,0
Y,N,V,L,P,Q,G,W,0
P,A,V,S,L,H,M,T,1
G,F,A,M,A,E,A,L,1
E,S,E,L,V,N,Q,I,0
L,A,E,L,E,Q,L,K,0
S,A,L,R,P,S,T,S,0
Q,E,P,F,K,N,L,K,0
D,A,I,N,T,E,F,K,1
L,Y,V,G,S,D,L,E,0
T,P,P,L,V,K,L,W,0
A,R,V,L,A,E,A,K,1
A,T,I,Y,Y,I,T,A,1
Q,I,T,L,W,Q,R,P,1
S,G,V,N,V,V,N,G,0
N,L,A,E,D,I,M,R,0
V,L,P,E,K,D,S,W,0
E,I,L,K,E,P,V,H,0
K,K,K,K,S,V,T,V,0
E,K,I,K,A,L,V,E,0
K,G,I,G,G,N,E,Q,0
I,P,E,W,E,F,V,N,0
L,V,D,T,H,S,K,R,0
T,N,A,V,L,V,P,K,0
I,V,L,P,E,K,D,S,0
A,A,A,M,K,R,H,G,0
P,G,I,K,V,R,Q,L,0
F,K,L,P,I,Q,K,E,0
S,G,V,F,Y,S,R,E,1
Y,S,T,M,S,I,T,D,0
T,K,L,G,K,A,G,Y,0
H,V,Q,I,D,V,D,V,0
S,G,V,F,H,V,N,G,1
P,V,I,L,P,I,Q,A,1
N,T,L,Q,S,F,R,Q,0
E,T,R,D,G,Q,V,I,0
S,L,N,L,R,E,T,N,1
G,L,N,M,P,A,L,V,1
T,K,D,R,C,K,P,V,0
V,K,Q,W,P,L,T,E,0
K,G,S,G,A,L,T,N,0
R,L,L,Q,D,S,V,D,0
V,P,L,D,E,D,F,R,0
K,G,Q,G,K,S,R,L,0
T,N,E,S,L,E,R,Q,0
T,K,V,K,V,V,Q,P,0
P,S,V,W,L,A,M,T,1
I,L,L,A,E,L,E,Q,0
M,A,R,H,L,R,E,Y,0
S,G,V,F,Q,V,N,G,1
P,D,L,T,A,A,L,R,0
R,C,K,P,V,N,T,F,0
T,Q,N,Y,P,I,V,Q,1
D,F,R,K,Y,T,A,F,0
P,D,K,S,E,S,E,L,0
T,Q,A,N,K,H,I,I,0
H,P,A,G,L,K,K,K,0
G,N,G,M,N,A,W,V,0
P,H,V,W,L,A,M,T,1
S,G,T,Y,Y,T,G,S,1
L,A,W,V,P,A,H,K,0
L,A,D,V,Q,A,V,C,0
P,A,V,L,G,A,M,T,1
N,D,R,F,A,N,Y,I,0
S,Q,F,Y,P,I,V,Q,1
V,N,D,I,Q,K,L,V,0
Y,C,N,Q,M,M,K,S,0
S,R,V,L,A,E,A,M,1
A,E,A,M,S,Q,V,T,0
Y,P,N,C,A,Y,K,T,0
Q,I,Y,P,G,I,K,V,0
S,F,I,G,M,E,S,A,1
P,D,V,S,L,A,M,T,1
E,M,E,K,E,G,K,I,0
T,K,V,L,L,V,Q,P,1
T,K,V,M,V,V,Q,P,1
Y,K,S,K,F,A,D,L,0
V,R,F,L,E,Q,Q,N,0
D,S,T,K,W,R,K,L,0
Y,V,T,T,S,T,R,T,0
P,C,S,A,L,L,S,S,0
K,I,G,P,E,N,P,Y,0
D,T,H,S,K,R,T,F,0
S,Q,N,S,P,I,V,Q,0
S,V,S,S,S,S,Y,R,0
E,E,N,F,A,V,E,A,0
K,V,E,L,Q,E,L,N,0
A,A,S,S,S,N,Y,C,0
L,G,K,A,G,Y,V,T,0
T,N,R,N,T,D,G,S,0
V,D,Q,L,T,N,D,K,0
S,Q,A,F,P,L,R,A,1
S,G,T,W,M,V,H,S,0
A,W,I,R,G,C,R,L,0
K,S,G,V,N,V,V,N,0
S,Q,V,Y,P,I,V,Q,1
P,A,A,S,L,A,M,T,1
P,K,V,K,Q,W,P,L,0
F,V,N,N,G,L,V,K,0
G,S,D,L,E,I,G,Q,0
P,A,S,S,L,A,M,T,1
S,S,Y,R,R,M,F,G,0
S,S,S,Y,R,R,M,F,0
R,E,A,F,R,V,F,D,1
A,Q,N,Y,P,I,V,Q,1
T,I,P,S,I,N,N,E,0
E,L,V,N,Q,I,I,E,0
A,R,V,L,M,E,A,M,1
L,L,E,G,E,E,S,R,0
Y,T,A,F,T,I,P,S,0
A,R,V,L,A,E,A,R,1
H,H,H,H,H,H,P,G,0
M,K,E,E,M,A,R,H,0
V,R,Q,L,C,K,L,L,0
D,E,I,Q,N,M,K,E,0
T,W,I,P,E,W,E,F,0
K,T,V,E,T,R,D,G,0
S,K,P,D,L,T,A,A,0
K,P,G,M,D,G,P,K,0
N,E,S,L,E,R,Q,M,0
E,A,A,N,Y,Q,D,T,0
N,P,Y,V,P,V,H,F,0
L,R,E,Y,Q,D,L,L,0
A,R,V,L,A,Q,A,M,1
R,Q,D,V,D,N,A,S,0
E,M,R,E,L,R,R,Q,0
N,A,V,S,L,A,M,T,1
S,K,L,L,A,T,V,V,0
P,L,V,D,T,H,S,K,0
Q,K,I,T,T,E,S,I,0
T,R,D,G,Q,V,I,N,0
E,E,E,M,R,E,L,R,0
P,R,V,L,L,A,M,T,1
N,F,A,V,E,A,A,N,0
G,Q,W,T,Y,Q,I,Y,0
D,K,L,V,S,A,G,I,0
W,P,L,T,E,E,K,I,0
P,R,V,W,L,A,M,T,1
R,N,L,T,K,D,R,C,0
Q,S,F,R,Q,D,V,D,0
F,L,I,K,T,V,E,T,0
K,S,R,N,L,T,K,D,0
S,Q,N,D,P,I,V,Q,0
S,G,I,M,F,E,S,N,1
T,W,W,T,E,Y,W,Q,0
R,L,Q,D,E,I,Q,N,0
S,G,I,Y,T,V,Q,S,1
K,D,I,F,P,V,T,E,1
H,G,V,Y,Y,D,P,S,0
T,R,S,V,S,S,S,S,0
Q,E,E,I,A,F,L,K,0
E,R,D,N,L,A,E,D,0
P,G,H,L,V,I,H,P,0
E,M,L,Q,R,E,E,A,0
I,S,L,P,L,P,N,F,0
A,L,R,Q,A,K,Q,E,0
P,A,V,R,L,A,M,T,1
F,H,G,Y,Q,L,E,K,0
P,G,V,W,L,A,M,T,1
R,Q,V,Q,S,L,T,C,0
V,E,T,R,D,G,Q,V,0
S,Q,T,Y,Y,I,D,Q,1
A,E,L,E,Q,L,K,G,0
P,I,V,G,A,E,T,F,1
M,A,L,D,I,E,I,A,0
Q,H,L,L,R,W,G,L,0
A,L,L,S,S,D,I,T,0
G,A,V,S,L,A,M,T,1
I,Q,E,L,Q,A,Q,I,0
K,V,F,G,R,C,E,L,0
P,A,A,W,L,A,M,T,1
W,V,P,A,H,K,G,I,0
D,R,C,K,P,V,N,T,0
L,K,T,G,K,Y,A,R,0
A,C,K,N,G,Q,T,N,0
K,E,T,W,E,T,W,W,0
G,S,G,T,W,M,V,H,0
E,V,E,R,D,N,L,A,0
D,L,E,R,K,V,E,S,0
A,L,T,N,A,V,L,V,0
Y,S,L,G,S,A,L,R,0
T,D,S,Q,Y,A,L,G,0
D,C,R,E,T,G,S,S,0
P,A,H,S,L,A,M,T,1
A,K,N,L,Q,E,A,E,0
F,K,N,L,K,T,G,K,0
G,A,M,V,N,Q,A,L,0
N,E,Q,V,D,K,L,V,0
R,Q,V,L,F,L,E,K,1
T,S,L,L,T,L,D,D,0
P,G,N,Y,L,Q,S,R,1
H,Y,G,F,P,T,Y,G,1
L,K,G,T,N,E,S,L,0
S,Q,N,Y,P,I,V,Q,1
S,G,V,M,P,T,M,S,1
R,V,N,V,V,N,G,K,0
K,L,V,D,F,R,E,L,0
N,V,L,P,Q,G,W,K,0
S,G,I,Y,L,V,E,N,1
S,G,I,Y,Y,S,V,S,1
K,E,E,M,A,R,H,L,0
L,H,P,D,K,W,T,V,0
S,G,A,L,T,N,A,V,0
T,N,Q,K,T,E,L,Q,0
V,Q,S,L,T,C,E,V,0
S,D,L,Y,Y,T,D,S,1
G,I,K,V,R,Q,L,C,0
A,E,I,Q,K,Q,G,Q,0
V,A,C,K,N,G,Q,T,0
D,G,Q,V,I,N,E,T,0
D,N,Y,R,G,Y,S,L,0
G,L,A,A,P,Q,F,S,1
P,G,M,D,G,P,K,V,0
S,G,I,F,V,V,N,G,1
S,S,V,P,G,V,R,L,0
Q,I,Y,Q,E,P,F,K,0
A,N,Y,Q,D,T,I,G,0
L,R,Q,A,K,Q,E,S,0
Y,V,G,S,D,L,E,I,0
E,N,F,A,V,E,A,A,0
N,L,Q,E,A,E,E,W,0
T,A,F,T,I,P,S,I,0
E,E,M,L,Q,R,E,E,0
S,D,C,Y,Y,T,D,S,1
T,V,E,T,R,D,G,Q,0
A,R,N,Y,P,Q,A,Q,1
Q,E,L,N,D,R,F,A,0
E,K,V,E,L,Q,E,L,0
E,N,T,L,Q,S,F,R,0
S,G,V,F,V,V,Q,G,1
P,A,V,L,L,A,M,T,1
V,E,A,A,N,Y,Q,D,0
L,Q,R,E,E,A,E,N,0
E,L,E,L,A,E,N,R,1
V,V,A,M,P,V,V,I,0
S,D,T,Y,Y,T,F,S,1
K,Q,L,T,E,A,V,Q,0
H,L,V,I,H,P,I,S,0
R,R,Q,V,D,Q,L,T,0
L,T,E,E,A,E,L,E,0
S,G,A,F,M,T,R,G,1
L,E,P,F,K,K,Q,N,0
A,R,V,L,A,V,A,M,1
W,V,C,A,A,K,F,E,0
L,R,E,K,L,Q,E,E,0
S,A,A,S,S,S,N,Y,0
P,A,H,S,F,A,M,T,1
R,T,N,E,K,V,E,L,0
K,V,V,P,L,T,N,T,0
A,W,V,A,W,R,N,R,0
P,A,V,S,F,A,M,T,1
T,K,L,L,V,V,Q,P,1
S,Y,S,T,M,S,I,T,0
V,K,Q,L,T,E,A,V,0
P,A,G,L,K,K,K,K,0
P,A,V,S,A,A,M,T,1
V,R,Q,Q,Y,E,S,V,0
V,D,N,A,S,L,A,R,0
N,L,D,S,L,P,L,V,0
N,Y,R,G,Y,S,L,G,0
N,L,K,T,G,K,Y,A,0
L,P,I,Q,K,E,T,W,0
P,E,W,E,F,V,N,T,0
T,V,Q,P,I,V,L,P,0
D,S,W,T,V,N,D,I,0
T,F,L,I,K,T,V,E,0
K,K,K,D,S,T,K,W,0
L,T,E,E,K,I,K,A,0
Q,W,T,Y,Q,I,Y,Q,0
W,I,P,E,W,E,F,V,0
P,V,N,T,F,V,H,E,0
L,P,Q,G,W,K,G,S,0
R,E,L,R,R,Q,V,D,0
D,H,D,H,P,F,H,G,0
Q,Q,Y,E,S,V,A,A,0
T,D,C,R,E,T,G,S,0
L,T,K,D,R,C,K,P,0
S,G,V,F,V,E,T,S,1
K,G,T,D,V,Q,A,W,0
Y,M,D,D,L,Y,V,G,0
S,N,Y,C,N,Q,M,M,0
G,I,G,G,N,E,Q,V,0
G,R,I,N,V,A,L,V,1
L,T,E,A,V,Q,K,I,0
E,N,R,E,I,L,K,E,0
P,A,V,S,L,A,L,T,1
A,H,K,G,I,G,G,N,0
R,S,S,V,P,G,V,R,0
F,Q,A,Y,P,L,R,E,1
V,D,V,S,K,P,D,L,0
Q,L,I,K,K,E,K,V,0
E,T,V,P,V,K,L,K,0
L,D,S,L,P,L,V,D,0
S,S,M,T,K,I,L,E,0
P,R,V,G,L,A,M,T,1
I,N,S,R,W,W,C,N,0
Q,V,I,N,E,T,S,Q,0
P,A,V,I,L,A,M,T,1
V,D,K,L,V,S,A,G,0
F,Q,S,S,M,T,K,I,0
H,I,I,V,A,C,E,G,0
A,R,N,Y,P,I,A,Q,1
S,L,Q,E,E,I,A,F,0
A,A,L,R,D,V,R,Q,0
R,Y,Q,Y,N,V,L,P,0
A,A,N,R,N,N,D,A,0
G,T,W,M,V,H,S,L,0
G,Q,V,I,N,E,T,S,0
S,L,T,Y,Y,T,D,S,1
D,G,S,T,D,Y,G,I,0
V,K,M,A,L,D,I,E,0
P,V,F,A,I,K,K,K,0
L,N,V,K,M,A,L,D,0
E,L,R,R,Q,V,D,Q,0
N,K,H,I,I,V,A,C,0
D,S,Q,Y,A,L,G,I,0
E,Q,V,D,K,L,V,S,0
S,G,N,F,A,A,F,S,1
S,G,V,H,F,I,S,R,1
A,T,A,M,M,A,T,A,1
A,T,R,S,S,A,V,R,0
N,P,Y,N,T,P,V,F,0
V,N,Q,I,I,E,Q,L,0
E,G,K,I,S,K,I,G,0
K,K,S,V,T,V,L,D,0
T,E,S,I,V,I,W,G,0
S,K,I,G,P,E,N,P,0
D,Q,I,L,I,E,I,C,1
Y,E,E,F,V,Q,M,M,1
P,V,H,G,V,Y,Y,D,0
S,Q,L,Y,P,I,V,Q,1
F,E,R,Q,H,M,D,S,0
I,I,E,Q,L,I,K,K,0
K,D,S,W,T,V,N,D,0
E,G,N,P,Y,V,P,V,0
A,F,T,I,P,S,I,N,0
P,A,V,W,V,A,M,T,1
E,Y,Q,D,L,L,N,V,0
A,S,S,S,N,Y,C,N,0
P,A,V,S,Q,A,M,T,1
D,G,R,T,P,G,S,R,0
L,L,R,G,T,K,A,L,0
S,D,T,Y,Y,L,D,S,1
L,G,N,W,V,C,A,A,0
E,L,H,P,D,K,W,T,0
G,D,A,Y,F,S,V,P,1
S,G,M,W,F,E,A,P,1
H,R,T,K,I,E,E,L,0
A,A,M,K,R,H,G,L,0
Q,D,T,I,G,R,L,Q,0
K,L,V,L,A,Q,L,S,1
K,Y,A,R,M,R,G,A,0
T,L,Q,S,F,R,Q,D,0
T,P,K,F,K,L,P,I,0
N,A,S,L,A,R,L,D,0
D,G,A,A,N,R,E,T,0
K,Q,N,P,D,I,V,I,0
L,C,K,L,L,R,G,T,0
I,K,K,K,D,S,T,K,0
P,E,K,D,S,W,T,V,0
A,R,G,L,A,E,A,M,1
K,V,R,F,L,E,Q,Q,0
L,E,Q,L,K,G,Q,G,0
K,M,M,L,L,A,K,A,1
S,Q,N,Y,P,Q,V,Q,1
G,R,T,P,G,S,R,N,0
Q,Q,N,K,I,L,L,A,0
D,Q,N,Y,P,I,V,Q,1
P,E,N,P,Y,N,T,P,0
L,E,R,Q,M,R,E,M,0
D,L,Y,V,G,S,D,L,0
K,W,R,K,L,V,D,F,0
G,L,T,T,P,D,K,K,0
P,A,V,S,L,A,N,T,1
S,G,V,M,F,Q,T,D,1
Y,P,G,I,K,V,R,Q,0
A,R,I,L,A,E,A,M,1
T,K,A,L,T,E,V,I,0
M,R,E,L,R,R,Q,V,0
V,Q,A,W,I,R,G,C,0
K,Y,T,A,F,T,I,P,0
Y,Q,Y,M,D,D,L,Y,0
M,F,G,G,P,G,T,A,0
T,D,G,S,T,D,Y,G,0
E,L,E,F,P,E,G,G,1
M,D,S,S,T,S,A,A,0
L,I,K,K,E,K,V,Y,0
A,S,R,P,S,S,S,R,0
I,Y,P,G,I,K,V,R,0
R,D,V,R,Q,Q,Y,E,0
S,K,F,A,D,L,S,E,0
L,D,E,D,F,R,K,Y,0
T,Y,Q,I,Y,Q,E,P,0
F,V,N,T,P,P,L,V,0
L,N,W,A,S,Q,I,Y,0
S,D,G,Y,Y,G,D,S,0
S,S,T,S,A,A,S,S,0
W,W,T,E,Y,W,Q,A,0
P,R,V,L,A,E,A,M,1
F,G,R,C,E,L,A,A,0
H,D,H,D,H,P,F,H,0
N,N,E,T,P,G,I,R,0
C,N,D,G,R,T,P,G,0
K,A,L,T,E,V,I,P,0
G,M,N,A,W,V,A,W,0
L,L,S,S,D,I,T,A,0
P,I,V,L,P,E,K,D,0
F,K,K,Q,N,P,D,I,0
D,T,V,L,E,E,M,S,1
Q,K,L,V,G,K,L,N,0
S,P,I,E,T,V,P,V,0
D,A,L,R,Q,A,K,Q,0
G,K,I,S,K,I,G,P,0
L,V,K,L,W,Y,Q,L,0
N,G,M,N,A,W,V,A,0
Y,W,Q,A,T,W,I,P,0
M,N,A,W,V,A,W,R,0
V,Y,Y,D,P,S,K,D,0
L,T,N,A,V,L,V,P,0
K,I,K,A,L,V,E,I,0
K,K,I,V,S,D,G,N,0
K,G,T,N,E,S,L,E,0
V,S,K,P,D,L,T,A,0
G,W,I,L,G,E,H,G,1
C,E,G,N,P,Y,V,P,0
R,N,R,C,K,G,T,D,0
P,M,V,G,V,L,D,A,1
G,I,I,Q,A,Q,P,D,0
L,V,D,F,R,E,L,N,0
T,K,V,L,V,V,Q,P,1
L,Q,I,N,S,R,W,W,0
D,I,T,A,S,V,N,C,0
K,L,H,E,E,E,I,Q,0
G,A,H,T,N,D,V,K,0
Q,V,D,Q,L,T,N,D,0
L,S,E,A,A,N,R,N,0
N,F,N,T,Q,A,T,N,0
R,E,T,N,L,D,S,L,0
N,E,T,P,G,I,R,Y,0
E,P,P,F,L,W,M,G,0
P,A,I,L,P,I,I,S,1
G,K,A,G,Y,V,T,N,0
C,R,E,T,G,S,S,K,0
E,T,T,A,L,V,C,D,1
A,R,N,Y,P,E,A,Q,1
I,V,I,Y,Q,Y,M,D,0
R,Q,V,N,F,L,G,K,1
S,Q,N,K,P,I,V,Q,0
C,N,I,P,C,S,A,L,0
E,I,Q,E,L,Q,A,Q,0
L,Q,D,S,G,L,E,V,0
K,Q,N,Y,P,I,V,Q,1
G,Q,A,N,F,L,G,K,1
V,I,N,E,T,S,Q,H,0
L,T,N,D,K,A,R,V,0
G,A,L,T,N,A,V,L,0
S,S,N,Y,C,N,Q,M,0
H,E,E,E,I,Q,E,L,0
S,Q,N,Y,P,I,L,Q,1
W,G,K,T,P,K,F,K,0
S,S,S,R,S,Y,V,T,0
I,K,T,V,E,T,R,D,0
S,G,L,T,M,V,T,Q,0
R,E,K,L,Q,E,E,M,0
N,D,A,L,R,Q,A,K,0
G,V,N,V,V,N,G,K,0
